CustomerID,Name,Gender,Age,AgeGroup,Email,Password,Country,City
C001,Priya Sharma,Female,20,18-24,priya.sharma@example.com,Lumiere@2026,India,Coimbatore
C002,Deepika Venkatesh,Female,31,25-34,deepika.venkatesh@example.com,Deepika@4920,India,Coimbatore
C003,Carine Fotso,Female,24,18-24,carine.fotso@example.com,Carine@3051,Cameroon,Yaoundé
C004,Harini Shankar,Female,18,18-24,harini.shankar@example.com,Harini@9869,India,Coimbatore
C005,Nithya Shankar,Female,21,18-24,nithya.shankar@example.com,Nithya@5177,India,Coimbatore
C006,Rahul Subramanian,Male,35,35-44,rahul.subramanian@example.com,Rahul@1271,India,Coimbatore
C007,Efua Asante,Female,41,35-44,efua.asante@example.com,Efua@5322,Ghana,Accra
C008,Swathi Nair,Female,23,18-24,swathi.nair@example.com,Swathi@2465,India,Mumbai
C009,Rahul Shankar,Male,18,18-24,rahul.shankar@example.com,Rahul@9422,India,Bengaluru
C010,Nandhini Kumar,Female,23,18-24,nandhini.kumar@example.com,Nandhini@9527,India,Coimbatore
C011,Efua Mensah,Female,35,35-44,efua.mensah@example.com,Efua@4978,Ghana,Accra
C012,Sandrine Mbarga,Female,19,18-24,sandrine.mbarga@example.com,Sandrine@9333,Cameroon,Douala
C013,Meera Venkatesh,Female,23,18-24,meera.venkatesh@example.com,Meera@6897,India,Coimbatore
C014,Aarthi Subramanian,Female,33,25-34,aarthi.subramanian@example.com,Aarthi@5518,India,Coimbatore
C015,Funmilayo Adeyemi,Female,40,35-44,funmilayo.adeyemi@example.com,Funmilayo@6883,Nigeria,Lagos
C016,Janani Murthy,Female,43,35-44,janani.murthy@example.com,Janani@8767,India,Chennai
C017,Aarthi Mohan,Female,20,18-24,aarthi.mohan@example.com,Aarthi@4078,India,Coimbatore
C018,Otieno Kiprono,Male,47,45+,otieno.kiprono@example.com,Otieno@8943,Kenya,Nairobi
C019,Kwame Boateng,Male,33,25-34,kwame.boateng@example.com,Kwame@7690,Ghana,Accra
C020,Aarthi Iyer,Female,23,18-24,aarthi.iyer@example.com,Aarthi@3827,India,Chennai
C021,Kavya Pillai,Female,30,25-34,kavya.pillai@example.com,Kavya@9957,India,Bengaluru
C022,Revathi Rajan,Female,19,18-24,revathi.rajan@example.com,Revathi@2650,India,Coimbatore
C023,Chiamaka Nwosu,Female,19,18-24,chiamaka.nwosu@example.com,Chiamaka@6025,Nigeria,Abuja
C024,Sowmya Iyer,Female,31,25-34,sowmya.iyer@example.com,Sowmya@7235,India,Chennai
C025,Varsha Gupta,Female,24,18-24,varsha.gupta@example.com,Varsha@3589,India,Chennai
C026,Riya Krishnan,Female,26,25-34,riya.krishnan@example.com,Riya@3324,India,Coimbatore
C027,Revathi Venkatesh,Female,20,18-24,revathi.venkatesh@example.com,Revathi@9970,India,Coimbatore
C028,Efua Boateng,Female,18,18-24,efua.boateng@example.com,Efua@4109,Ghana,Accra
C029,Harini Pillai,Female,29,25-34,harini.pillai@example.com,Harini@9866,India,Coimbatore
C030,Surya Srinivasan,Male,27,25-34,surya.srinivasan@example.com,Surya@7367,India,Coimbatore
C031,Sneha Sharma,Female,24,18-24,sneha.sharma@example.com,Sneha@8864,India,Coimbatore
C032,Carine Essomba,Female,24,18-24,carine.essomba@example.com,Carine@9804,Cameroon,Yaoundé
C033,Christelle Atangana,Female,18,18-24,christelle.atangana@example.com,Christelle@3942,Cameroon,Douala
C034,Swathi Shankar,Female,27,25-34,swathi.shankar@example.com,Swathi@3685,India,Coimbatore
C035,Priya Krishnan,Female,22,18-24,priya.krishnan@example.com,Priya@1032,India,Coimbatore
C036,Njeri Mwangi,Female,20,18-24,njeri.mwangi@example.com,Njeri@5958,Kenya,Nairobi
C037,Adaeze Nwosu,Female,19,18-24,adaeze.nwosu@example.com,Adaeze@5065,Nigeria,Lagos
C038,Adaeze Okafor,Female,20,18-24,adaeze.okafor@example.com,Adaeze@8939,Nigeria,Lagos
C039,Ananya Raman,Female,21,18-24,ananya.raman@example.com,Ananya@5301,India,Bengaluru
C040,Naveen Pillai,Male,23,18-24,naveen.pillai@example.com,Naveen@2925,India,Coimbatore
C041,Keerthana Patel,Female,32,25-34,keerthana.patel@example.com,Keerthana@2981,India,Mumbai
C042,Vanessa Atangana,Female,38,35-44,vanessa.atangana@example.com,Vanessa@6876,Cameroon,Yaoundé
C043,Nithya Murthy,Female,22,18-24,nithya.murthy@example.com,Nithya@6654,India,Kochi
C044,Kavya Raman,Female,26,25-34,kavya.raman@example.com,Kavya@9107,India,Bengaluru
C045,Sanjana Pillai,Female,20,18-24,sanjana.pillai@example.com,Sanjana@4703,India,Coimbatore
C046,Harini Kumar,Female,31,25-34,harini.kumar@example.com,Harini@9294,India,Coimbatore
C047,Varsha Kumar,Female,20,18-24,varsha.kumar@example.com,Varsha@9080,India,Chennai
C048,Pooja Kumar,Female,27,25-34,pooja.kumar@example.com,Pooja@4219,India,Chennai
C049,Rohan Subramanian,Male,30,25-34,rohan.subramanian@example.com,Rohan@6736,India,Chennai
C050,Ngozi Nwosu,Female,21,18-24,ngozi.nwosu@example.com,Ngozi@4487,Nigeria,Lagos
C051,Christelle Njoya,Female,23,18-24,christelle.njoya@example.com,Christelle@3090,Cameroon,Yaoundé
C052,Pranav Rajan,Male,20,18-24,pranav.rajan@example.com,Pranav@2930,India,Coimbatore
C053,Murielle Ngono,Female,32,25-34,murielle.ngono@example.com,Murielle@5319,Cameroon,Yaoundé
C054,Meera Shankar,Female,23,18-24,meera.shankar@example.com,Meera@5393,India,Hyderabad
C055,Lakshmi Kumar,Female,19,18-24,lakshmi.kumar@example.com,Lakshmi@3019,India,Coimbatore
C056,Nandhini Pillai,Female,22,18-24,nandhini.pillai@example.com,Nandhini@8504,India,Coimbatore
C057,Carine Kamga,Female,25,25-34,carine.kamga@example.com,Carine@6393,Cameroon,Douala
C058,Nithya Balaji,Female,50,45+,nithya.balaji@example.com,Nithya@2556,India,Coimbatore
C059,Nithya Patel,Female,23,18-24,nithya.patel@example.com,Nithya@9952,India,Kochi
C060,Riya Menon,Female,21,18-24,riya.menon@example.com,Riya@6769,India,Kochi
C061,Ishita Kumar,Female,18,18-24,ishita.kumar@example.com,Ishita@7549,India,Kochi
C062,Revathi Reddy,Female,18,18-24,revathi.reddy@example.com,Revathi@5375,India,Chennai
C063,Varsha Rajan,Female,37,35-44,varsha.rajan@example.com,Varsha@6472,India,Coimbatore
C064,Sowmya Prakash,Female,21,18-24,sowmya.prakash@example.com,Sowmya@8797,India,Coimbatore
C065,Shruti Kumar,Female,18,18-24,shruti.kumar@example.com,Shruti@1614,India,Mumbai
C066,Vignesh Krishnan,Male,29,25-34,vignesh.krishnan@example.com,Vignesh@6351,India,Kochi
C067,Wanjiru Odhiambo,Undisclosed,24,18-24,wanjiru.odhiambo@example.com,Wanjiru@8489,Kenya,Nairobi
C068,Riya Rajan,Female,44,35-44,riya.rajan@example.com,Riya@7052,India,Bengaluru
C069,Kavya Shankar,Female,23,18-24,kavya.shankar@example.com,Kavya@4074,India,Coimbatore
C070,Varsha Sharma,Female,26,25-34,varsha.sharma@example.com,Varsha@3553,India,Coimbatore
C071,Swathi Subramanian,Female,21,18-24,swathi.subramanian@example.com,Swathi@4381,India,Coimbatore
C072,Gayathri Reddy,Female,23,18-24,gayathri.reddy@example.com,Gayathri@6069,India,Hyderabad
C073,Karthik Mohan,Male,21,18-24,karthik.mohan@example.com,Karthik@9549,India,Coimbatore
C074,Otieno Mwangi,Male,18,18-24,otieno.mwangi@example.com,Otieno@5438,Kenya,Nairobi
C075,Ngozi Okafor,Female,19,18-24,ngozi.okafor@example.com,Ngozi@9411,Nigeria,Abuja
C076,Lakshmi Patel,Female,30,25-34,lakshmi.patel@example.com,Lakshmi@6628,India,Coimbatore
C077,Aditya Kumar,Male,22,18-24,aditya.kumar@example.com,Aditya@8859,India,Bengaluru
C078,Nandhini Patel,Female,20,18-24,nandhini.patel@example.com,Nandhini@5097,India,Coimbatore
C079,Divya Patel,Undisclosed,27,25-34,divya.patel@example.com,Divya@1356,India,Hyderabad
C080,Rohan Srinivasan,Male,29,25-34,rohan.srinivasan@example.com,Rohan@8636,India,Coimbatore
C081,Sneha Srinivasan,Female,20,18-24,sneha.srinivasan@example.com,Sneha@9393,India,Coimbatore
C082,Carine Ngono,Female,28,25-34,carine.ngono@example.com,Carine@1887,Cameroon,Yaoundé
C083,Deepika Raman,Female,23,18-24,deepika.raman@example.com,Deepika@9338,India,Coimbatore
C084,Nithya Shankar,Female,24,18-24,nithya.shankar2@example.com,Nithya@5892,India,Coimbatore
C085,Shruti Prakash,Female,26,25-34,shruti.prakash@example.com,Shruti@9349,India,Bengaluru
C086,Arnaud Njoya,Male,30,25-34,arnaud.njoya@example.com,Arnaud@6564,Cameroon,Douala
C087,Keerthana Reddy,Female,18,18-24,keerthana.reddy@example.com,Keerthana@3856,India,Chennai
C088,Sanjana Rajan,Undisclosed,24,18-24,sanjana.rajan@example.com,Sanjana@9650,India,Chennai
C089,Vanessa Kamga,Female,26,25-34,vanessa.kamga@example.com,Vanessa@4519,Cameroon,Yaoundé
C090,Priya Murthy,Female,28,25-34,priya.murthy@example.com,Priya@4435,India,Bengaluru
C091,Deepika Gupta,Female,33,25-34,deepika.gupta@example.com,Deepika@3072,India,Bengaluru
C092,Vanessa Fotso,Female,29,25-34,vanessa.fotso@example.com,Vanessa@9004,Cameroon,Douala
C093,Christelle Atangana,Female,23,18-24,christelle.atangana2@example.com,Christelle@6337,Cameroon,Yaoundé
C094,Aditya Venkatesh,Male,53,45+,aditya.venkatesh@example.com,Aditya@9832,India,Coimbatore
C095,Sneha Nair,Female,22,18-24,sneha.nair@example.com,Sneha@3508,India,Hyderabad
C096,Christelle Tchoumi,Female,24,18-24,christelle.tchoumi@example.com,Christelle@2000,Cameroon,Douala
C097,Aarthi Iyer,Female,29,25-34,aarthi.iyer2@example.com,Aarthi@5904,India,Coimbatore
C098,Harini Nair,Female,20,18-24,harini.nair@example.com,Harini@9852,India,Coimbatore
C099,Bhavana Srinivasan,Female,27,25-34,bhavana.srinivasan@example.com,Bhavana@8492,India,Coimbatore
C100,Harini Reddy,Female,25,25-34,harini.reddy@example.com,Harini@4041,India,Hyderabad
