OrderID,CustomerID,ProductID,ChannelID,OrderDate,Quantity,Revenue,Rating
ORD-0001,C050,LN-B01,CH01,2026-05-04,2,598,4
ORD-0002,C082,LN-B01,CH01,2026-05-04,1,299,4
ORD-0003,C048,LN-B02,CH05,2026-05-07,1,499,2
ORD-0004,C025,LN-B02,CH01,2026-05-12,1,499,5
ORD-0005,C004,LN-B02,CH04,2026-05-17,2,998,3
ORD-0006,C051,LN-B06,CH01,2026-05-28,1,649,2
ORD-0007,C089,LN-B05,CH01,2026-06-01,1,399,4
ORD-0008,C011,LN-B01,CH04,2026-06-02,1,299,2
ORD-0009,C034,LN-B03,CH02,2026-06-02,1,349,3
ORD-0010,C050,LN-B01,CH01,2026-06-04,1,299,1
ORD-0011,C060,LN-B02,CH02,2026-06-04,1,499,4
ORD-0012,C046,LN-B08,CH04,2026-06-06,1,549,4
ORD-0013,C053,LN-B09,CH02,2026-06-08,1,249,2
ORD-0014,C042,LN-B01,CH02,2026-06-11,1,299,1
ORD-0015,C039,LN-B05,CH02,2026-06-12,1,399,3
ORD-0016,C010,LN-B07,CH04,2026-06-17,1,329,4
ORD-0017,C058,LN-B10,CH05,2026-06-19,1,429,1
ORD-0018,C097,LN-B01,CH01,2026-06-19,1,299,5
ORD-0019,C015,LN-B02,CH02,2026-06-22,1,499,5
ORD-0020,C059,LN-B06,CH04,2026-06-23,1,649,5
ORD-0021,C077,LN-B03,CH05,2026-06-25,2,698,3
ORD-0022,C081,LN-B04,CH01,2026-06-29,1,579,2
ORD-0023,C013,LN-B07,CH02,2026-07-01,1,329,4
ORD-0024,C014,LN-B02,CH01,2026-07-02,3,1497,5
ORD-0025,C037,LN-B01,CH01,2026-07-04,1,299,5
ORD-0026,C002,LN-B04,CH01,2026-07-06,2,1158,4
ORD-0027,C063,LN-B08,CH01,2026-07-06,1,549,1
ORD-0028,C074,LN-B01,CH04,2026-07-07,2,598,4
ORD-0029,C028,LN-B07,CH02,2026-07-08,2,658,5
ORD-0030,C055,LN-B07,CH05,2026-07-09,2,658,5
ORD-0031,C005,LN-B01,CH05,2026-07-10,1,299,5
ORD-0032,C023,LN-B01,CH01,2026-07-11,2,598,4
ORD-0033,C073,LN-B04,CH01,2026-07-12,2,1158,5
ORD-0034,C080,LN-B01,CH01,2026-07-13,1,299,4
ORD-0035,C059,LN-B03,CH02,2026-07-14,1,349,5
ORD-0036,C069,LN-B09,CH03,2026-07-15,1,249,5
ORD-0037,C054,LN-B05,CH01,2026-07-17,1,399,5
ORD-0038,C093,LN-B01,CH04,2026-07-17,1,299,4
ORD-0039,C021,LN-B01,CH01,2026-07-19,2,598,5
ORD-0040,C071,LN-B10,CH03,2026-07-19,1,429,5
ORD-0041,C003,LN-B09,CH02,2026-07-21,1,249,4
ORD-0042,C041,LN-B04,CH03,2026-07-22,1,579,5
ORD-0043,C087,LN-B08,CH04,2026-07-22,1,549,4
ORD-0044,C012,LN-B04,CH04,2026-07-24,1,579,4
ORD-0045,C083,LN-B01,CH05,2026-07-25,1,299,5
ORD-0046,C096,LN-B03,CH04,2026-07-25,2,698,5
ORD-0047,C056,LN-B09,CH02,2026-07-26,1,249,4
ORD-0048,C019,LN-B01,CH04,2026-07-27,1,299,2
ORD-0049,C062,LN-B01,CH04,2026-07-27,1,299,3
ORD-0050,C008,LN-B02,CH02,2026-07-28,1,499,4
ORD-0051,C075,LN-B03,CH04,2026-07-29,1,349,5
ORD-0052,C079,LN-B09,CH02,2026-07-29,1,249,5
ORD-0053,C017,LN-B04,CH04,2026-07-30,1,579,2
ORD-0054,C024,LN-B02,CH05,2026-07-30,1,499,5
ORD-0055,C057,LN-B08,CH01,2026-07-30,2,1098,4
ORD-0056,C026,LN-B03,CH02,2026-07-31,1,349,5
ORD-0057,C007,LN-B02,CH04,2026-08-02,1,499,4
ORD-0058,C005,LN-B01,CH02,2026-08-04,1,299,4
ORD-0059,C065,LN-B04,CH02,2026-08-05,2,1158,4
ORD-0060,C068,LN-B01,CH02,2026-08-06,1,299,3
ORD-0061,C086,LN-B02,CH01,2026-08-06,1,499,4
ORD-0062,C040,LN-B02,CH01,2026-08-08,1,499,5
ORD-0063,C063,LN-B08,CH03,2026-08-09,1,549,4
ORD-0064,C071,LN-B01,CH02,2026-08-09,1,299,2
ORD-0065,C072,LN-B10,CH02,2026-08-09,1,429,4
ORD-0066,C078,LN-B10,CH01,2026-08-09,1,429,5
ORD-0067,C021,LN-B02,CH04,2026-08-12,1,499,5
ORD-0068,C030,LN-B04,CH04,2026-08-14,1,579,3
ORD-0069,C088,LN-B01,CH02,2026-08-14,2,598,5
ORD-0070,C049,LN-B05,CH01,2026-08-15,3,1197,4
ORD-0071,C008,LN-B09,CH02,2026-08-16,1,249,3
ORD-0072,C096,LN-B05,CH04,2026-08-16,1,399,4
ORD-0073,C020,LN-B04,CH02,2026-08-17,1,579,5
ORD-0074,C085,LN-B05,CH04,2026-08-17,1,399,4
ORD-0075,C062,LN-B07,CH04,2026-08-18,1,329,4
ORD-0076,C064,LN-B06,CH04,2026-08-20,1,649,4
ORD-0077,C099,LN-B01,CH05,2026-08-20,1,299,5
ORD-0078,C038,LN-B03,CH04,2026-08-21,1,349,4
ORD-0079,C091,LN-B05,CH04,2026-08-21,1,399,1
ORD-0080,C005,LN-B01,CH03,2026-08-22,1,299,5
ORD-0081,C043,LN-B03,CH01,2026-08-22,1,349,4
ORD-0082,C006,LN-B01,CH02,2026-08-23,2,598,4
ORD-0083,C047,LN-B02,CH01,2026-08-24,2,998,4
ORD-0084,C001,LN-B03,CH05,2026-08-25,1,349,2
ORD-0085,C086,LN-B02,CH04,2026-08-25,1,499,2
ORD-0086,C100,LN-B01,CH04,2026-08-27,1,299,1
ORD-0087,C016,LN-B04,CH05,2026-08-28,1,579,5
ORD-0088,C026,LN-B01,CH02,2026-08-28,1,299,5
ORD-0089,C090,LN-B07,CH01,2026-08-28,2,658,5
ORD-0090,C095,LN-B04,CH01,2026-08-29,1,579,4
ORD-0091,C021,LN-B03,CH02,2026-08-31,2,698,5
ORD-0092,C027,LN-B04,CH02,2026-09-01,1,579,3
ORD-0093,C070,LN-B09,CH02,2026-09-02,1,249,4
ORD-0094,C032,LN-B01,CH02,2026-09-03,1,299,5
ORD-0095,C087,LN-B10,CH04,2026-09-05,1,429,5
ORD-0096,C094,LN-B01,CH01,2026-09-06,1,299,5
ORD-0097,C024,LN-B09,CH01,2026-09-08,1,249,4
ORD-0098,C076,LN-B08,CH01,2026-09-08,1,549,5
ORD-0099,C031,LN-B03,CH02,2026-09-09,3,1047,5
ORD-0100,C018,LN-B02,CH01,2026-09-10,1,499,4
ORD-0101,C043,LN-B09,CH05,2026-09-11,1,249,5
ORD-0102,C067,LN-B05,CH04,2026-09-12,1,399,4
ORD-0103,C068,LN-B01,CH02,2026-09-15,1,299,4
ORD-0104,C029,LN-B01,CH03,2026-09-16,1,299,3
ORD-0105,C045,LN-B01,CH01,2026-09-16,1,299,4
ORD-0106,C071,LN-B08,CH02,2026-09-16,2,1098,5
ORD-0107,C092,LN-B10,CH02,2026-09-16,1,429,5
ORD-0108,C098,LN-B05,CH04,2026-09-16,1,399,4
ORD-0109,C062,LN-B04,CH03,2026-09-17,1,579,3
ORD-0110,C065,LN-B08,CH01,2026-09-17,1,549,5
ORD-0111,C066,LN-B09,CH03,2026-09-17,2,498,3
ORD-0112,C084,LN-B01,CH02,2026-09-17,1,299,5
ORD-0113,C030,LN-B02,CH04,2026-09-18,2,998,4
ORD-0114,C061,LN-B04,CH02,2026-09-21,1,579,3
ORD-0115,C099,LN-B06,CH04,2026-09-22,1,649,3
ORD-0116,C006,LN-B01,CH02,2026-09-23,2,598,4
ORD-0117,C009,LN-B04,CH05,2026-09-23,1,579,5
ORD-0118,C036,LN-B08,CH02,2026-09-23,1,549,4
ORD-0119,C052,LN-B03,CH01,2026-09-23,1,349,4
ORD-0120,C033,LN-B01,CH02,2026-09-24,1,299,4
ORD-0121,C001,LN-B10,CH02,2026-09-26,1,429,4
ORD-0122,C035,LN-B03,CH03,2026-09-26,2,698,5
ORD-0123,C022,LN-B07,CH04,2026-09-27,1,329,3
ORD-0124,C044,LN-B04,CH02,2026-09-28,1,579,3
ORD-0125,C001,LN-B04,CH03,2026-09-30,1,579,5
ORD-0126,C006,LN-B01,CH04,2026-09-30,1,299,4
ORD-0127,C047,LN-B04,CH02,2026-09-30,1,579,5
ORD-0128,C047,LN-B09,CH01,2026-09-30,2,498,5
ORD-0129,C087,LN-B05,CH02,2026-09-30,1,399,2
ORD-0130,C095,LN-B01,CH01,2026-09-30,1,299,4
